<?xml version="1.0" encoding="ISO-8859-1"?>
<!-- Application : cbrTekStraktor V0.4 (29-Dec-2020) -->
<!-- Start : 18-SEP-2021 09:13:25 -->
<!-- Last update : 18-SEP-2021 09:17:00 -->
<!-- Last update : 18-SEP-2021 09:15:21 -->
<ComicPageText>
<ProcessHistory>
<ProcessTimeStamp>20210918091325</ProcessTimeStamp>
<ProcessTimeStamp>20210918091521</ProcessTimeStamp>
<ProcessTimeStamp>20210918091700</ProcessTimeStamp>
</ProcessHistory>
<Languages>
<OriginalLanguage>French</OriginalLanguage>
<TranslationLanguage01>Afrikaans</TranslationLanguage01>
<TranslationLanguage02>Albanian</TranslationLanguage02>
<TranslationLanguage03>Amharic</TranslationLanguage03>
<TranslationLanguage04>Arabic</TranslationLanguage04>
<TranslationLanguage05>Assamese</TranslationLanguage05>
<TranslationLanguage06>Azerbaijani</TranslationLanguage06>
<TranslationLanguage07>Azerbaijani-cyrilic</TranslationLanguage07>
<TranslationLanguage08>Basque</TranslationLanguage08>
<TranslationLanguage09>Belarusian</TranslationLanguage09>
<TranslationLanguage10>Bengali</TranslationLanguage10>
<TranslationLanguage11>Bosnian</TranslationLanguage11>
<TranslationLanguage12>Bulgarian</TranslationLanguage12>
<TranslationLanguage13>Burmese</TranslationLanguage13>
<TranslationLanguage14>Catalan</TranslationLanguage14>
<TranslationLanguage15>Cebuano</TranslationLanguage15>
<TranslationLanguage16>Central-khmer</TranslationLanguage16>
<TranslationLanguage17>Cherokee</TranslationLanguage17>
<TranslationLanguage18>Chinese-simplified</TranslationLanguage18>
<TranslationLanguage19>Chinese-traditional</TranslationLanguage19>
<TranslationLanguage20>Croatian</TranslationLanguage20>
<TranslationLanguage21>Czech</TranslationLanguage21>
<TranslationLanguage22>Danish</TranslationLanguage22>
<TranslationLanguage23>Danish-fraktur</TranslationLanguage23>
<TranslationLanguage24>Dutch</TranslationLanguage24>
<TranslationLanguage25>Dzongkha</TranslationLanguage25>
<TranslationLanguage26>English</TranslationLanguage26>
<TranslationLanguage27>Esperanto</TranslationLanguage27>
<TranslationLanguage28>Estonian</TranslationLanguage28>
<TranslationLanguage29>Finnish</TranslationLanguage29>
<TranslationLanguage30>Frankish</TranslationLanguage30>
<TranslationLanguage31>French</TranslationLanguage31>
<TranslationLanguage32>French-middle</TranslationLanguage32>
<TranslationLanguage33>Galician</TranslationLanguage33>
<TranslationLanguage34>Georgian</TranslationLanguage34>
<TranslationLanguage35>Georgian-old</TranslationLanguage35>
<TranslationLanguage36>German</TranslationLanguage36>
<TranslationLanguage37>German-fraktur</TranslationLanguage37>
<TranslationLanguage38>Greek-ancient</TranslationLanguage38>
<TranslationLanguage39>Greek-modern</TranslationLanguage39>
<TranslationLanguage40>Gujarati</TranslationLanguage40>
<TranslationLanguage41>Haitian-creole</TranslationLanguage41>
<TranslationLanguage42>Hebrew</TranslationLanguage42>
<TranslationLanguage43>Hindi</TranslationLanguage43>
<TranslationLanguage44>Hungarian</TranslationLanguage44>
<TranslationLanguage45>Icelandic</TranslationLanguage45>
<TranslationLanguage46>Indonesian</TranslationLanguage46>
<TranslationLanguage47>Inuktitut</TranslationLanguage47>
<TranslationLanguage48>Irish</TranslationLanguage48>
<TranslationLanguage49>Italian</TranslationLanguage49>
<TranslationLanguage50>Italian-old</TranslationLanguage50>
<TranslationLanguage51>Japanese</TranslationLanguage51>
<TranslationLanguage52>Javanese</TranslationLanguage52>
<TranslationLanguage53>Kannada</TranslationLanguage53>
<TranslationLanguage54>Kazakh</TranslationLanguage54>
<TranslationLanguage55>Kirghiz</TranslationLanguage55>
<TranslationLanguage56>Korean</TranslationLanguage56>
<TranslationLanguage57>Kurdish-lao</TranslationLanguage57>
<TranslationLanguage58>Latin</TranslationLanguage58>
<TranslationLanguage59>Latvian</TranslationLanguage59>
<TranslationLanguage60>Lithuanian</TranslationLanguage60>
<TranslationLanguage61>Macedonian</TranslationLanguage61>
<TranslationLanguage62>Malay</TranslationLanguage62>
<TranslationLanguage63>Malayalam</TranslationLanguage63>
<TranslationLanguage64>Maltese</TranslationLanguage64>
<TranslationLanguage65>Marathi</TranslationLanguage65>
<TranslationLanguage66>Nepali</TranslationLanguage66>
<TranslationLanguage67>Norwegian</TranslationLanguage67>
<TranslationLanguage68>Oriya</TranslationLanguage68>
<TranslationLanguage69>Pashto</TranslationLanguage69>
<TranslationLanguage70>Persian</TranslationLanguage70>
<TranslationLanguage71>Polish</TranslationLanguage71>
<TranslationLanguage72>Portuguese</TranslationLanguage72>
<TranslationLanguage73>Punjabi</TranslationLanguage73>
<TranslationLanguage74>Romanian-moldavian</TranslationLanguage74>
<TranslationLanguage75>Russian</TranslationLanguage75>
<TranslationLanguage76>Sanskrit</TranslationLanguage76>
<TranslationLanguage77>Serbian</TranslationLanguage77>
<TranslationLanguage78>Serbian-latin</TranslationLanguage78>
<TranslationLanguage79>Sinhala</TranslationLanguage79>
<TranslationLanguage80>Slovak</TranslationLanguage80>
<TranslationLanguage81>Slovak-fraktur</TranslationLanguage81>
<TranslationLanguage82>Slovenian</TranslationLanguage82>
<TranslationLanguage83>Spanish</TranslationLanguage83>
<TranslationLanguage84>Swahili</TranslationLanguage84>
<TranslationLanguage85>Swedish</TranslationLanguage85>
<TranslationLanguage86>Syriac</TranslationLanguage86>
<TranslationLanguage87>Tagalog</TranslationLanguage87>
<TranslationLanguage88>Tajik</TranslationLanguage88>
<TranslationLanguage89>Tamil</TranslationLanguage89>
<TranslationLanguage90>Telugu</TranslationLanguage90>
<TranslationLanguage91>Thai</TranslationLanguage91>
<TranslationLanguage92>Tibetan</TranslationLanguage92>
<TranslationLanguage93>Tigrinya</TranslationLanguage93>
<TranslationLanguage94>Turkish</TranslationLanguage94>
<TranslationLanguage95>Uighur</TranslationLanguage95>
<TranslationLanguage96>Ukrainian</TranslationLanguage96>
<TranslationLanguage98>Urdu</TranslationLanguage98>
<TranslationLanguage99>Uzbek</TranslationLanguage99>
<TranslationLanguage100>Uzbek-cyrilic</TranslationLanguage100>
<TranslationLanguage101>Vietnamese</TranslationLanguage101>
<TranslationLanguage102>Welsh</TranslationLanguage102>
<TranslationLanguage103>Yiddish</TranslationLanguage103>
</Languages>
<ComicPageInfo>
<File>
<FileName>casper.png</FileName>
<FilePath>C:\temp\cbrTekStraktor</FilePath>
<FileSize>417228</FileSize>
</File>
<Image>
<CMXUID>casper</CMXUID>
<UID>8521-03B1-C520-660B-A2BE-2508-8A09-9C28</UID>
</Image>
</ComicPageInfo>
<PageText>
<!-- NumberOfParagraphs : includes Text Paragraphs and Non-text Paragraphs -->
<NumberOfParagraphs>16</NumberOfParagraphs>
<TextBundle>
<TextBundleIdx>100</TextBundleIdx>
<TextBundleUID>5277563950924</TextBundleUID>
<TextConfidence>text</TextConfidence>
<TextBundleRemoved>true</TextBundleRemoved>
<TextBundleChangeDate>26100617175451</TextBundleChangeDate>
<TextOCR><![CDATA[]]></TextOCR>
<TextFrom><![CDATA[]]></TextFrom>
<TranslatedText_French><![CDATA[]]></TranslatedText_French>
</TextBundle>
<TextBundle>
<TextBundleIdx>108</TextBundleIdx>
<TextBundleUID>5277563951036</TextBundleUID>
<TextConfidence>text</TextConfidence>
<TextBundleRemoved>false</TextBundleRemoved>
<TextBundleChangeDate>20210918091656</TextBundleChangeDate>
<TextOCR><![CDATA[]]></TextOCR>
<TextFrom><![CDATA[ik]]></TextFrom>
<TranslatedText_French><![CDATA[ik]]></TranslatedText_French>
</TextBundle>
<TextBundle>
<TextBundleIdx>109</TextBundleIdx>
<TextBundleUID>5277563951037</TextBundleUID>
<TextConfidence>text</TextConfidence>
<TextBundleRemoved>false</TextBundleRemoved>
<TextBundleChangeDate>20210918091656</TextBundleChangeDate>
<TextOCR><![CDATA[]]></TextOCR>
<TextFrom><![CDATA[ben]]></TextFrom>
<TranslatedText_French><![CDATA[ben]]></TranslatedText_French>
</TextBundle>
<TextBundle>
<TextBundleIdx>110</TextBundleIdx>
<TextBundleUID>5277563951038</TextBundleUID>
<TextConfidence>text</TextConfidence>
<TextBundleRemoved>false</TextBundleRemoved>
<TextBundleChangeDate>20210918091656</TextBundleChangeDate>
<TextOCR><![CDATA[]]></TextOCR>
<TextFrom><![CDATA[gefnuikt]]></TextFrom>
<TranslatedText_French><![CDATA[gefnuikt]]></TranslatedText_French>
</TextBundle>
<TextBundle>
<TextBundleIdx>111</TextBundleIdx>
<TextBundleUID>5277563951039</TextBundleUID>
<TextConfidence>text</TextConfidence>
<TextBundleRemoved>false</TextBundleRemoved>
<TextBundleChangeDate>20210918091656</TextBundleChangeDate>
<TextOCR><![CDATA[]]></TextOCR>
<TextFrom><![CDATA[mijn]]></TextFrom>
<TranslatedText_French><![CDATA[mijn]]></TranslatedText_French>
</TextBundle>
<TextBundle>
<TextBundleIdx>112</TextBundleIdx>
<TextBundleUID>5277563951040</TextBundleUID>
<TextConfidence>text</TextConfidence>
<TextBundleRemoved>false</TextBundleRemoved>
<TextBundleChangeDate>20210918091656</TextBundleChangeDate>
<TextOCR><![CDATA[]]></TextOCR>
<TextFrom><![CDATA[basale]]></TextFrom>
<TranslatedText_French><![CDATA[basale]]></TranslatedText_French>
</TextBundle>
<TextBundle>
<TextBundleIdx>113</TextBundleIdx>
<TextBundleUID>5277563951041</TextBundleUID>
<TextConfidence>text</TextConfidence>
<TextBundleRemoved>false</TextBundleRemoved>
<TextBundleChangeDate>20210918091656</TextBundleChangeDate>
<TextOCR><![CDATA[]]></TextOCR>
<TextFrom><![CDATA[zelfsituationele]]></TextFrom>
<TranslatedText_French><![CDATA[zelfsituationele]]></TranslatedText_French>
</TextBundle>
<TextBundle>
<TextBundleIdx>114</TextBundleIdx>
<TextBundleUID>5277563951042</TextBundleUID>
<TextConfidence>text</TextConfidence>
<TextBundleRemoved>false</TextBundleRemoved>
<TextBundleChangeDate>20210918091656</TextBundleChangeDate>
<TextOCR><![CDATA[]]></TextOCR>
<TextFrom><![CDATA[anima]]></TextFrom>
<TranslatedText_French><![CDATA[anima]]></TranslatedText_French>
</TextBundle>
<TextBundle>
<TextBundleIdx>115</TextBundleIdx>
<TextBundleUID>5277563951043</TextBundleUID>
<TextConfidence>text</TextConfidence>
<TextBundleRemoved>false</TextBundleRemoved>
<TextBundleChangeDate>20210918091656</TextBundleChangeDate>
<TextOCR><![CDATA[]]></TextOCR>
<TextFrom><![CDATA[is]]></TextFrom>
<TranslatedText_French><![CDATA[is]]></TranslatedText_French>
</TextBundle>
<TextBundle>
<TextBundleIdx>116</TextBundleIdx>
<TextBundleUID>5277563951044</TextBundleUID>
<TextConfidence>text</TextConfidence>
<TextBundleRemoved>false</TextBundleRemoved>
<TextBundleChangeDate>20210918091656</TextBundleChangeDate>
<TextOCR><![CDATA[]]></TextOCR>
<TextFrom><![CDATA[klemgezet]]></TextFrom>
<TranslatedText_French><![CDATA[klemgezet]]></TranslatedText_French>
</TextBundle>
<TextBundle>
<TextBundleIdx>117</TextBundleIdx>
<TextBundleUID>5277563951045</TextBundleUID>
<TextConfidence>text</TextConfidence>
<TextBundleRemoved>false</TextBundleRemoved>
<TextBundleChangeDate>20210918091656</TextBundleChangeDate>
<TextOCR><![CDATA[]]></TextOCR>
<TextFrom><![CDATA[in]]></TextFrom>
<TranslatedText_French><![CDATA[in]]></TranslatedText_French>
</TextBundle>
<TextBundle>
<TextBundleIdx>118</TextBundleIdx>
<TextBundleUID>5277563951046</TextBundleUID>
<TextConfidence>text</TextConfidence>
<TextBundleRemoved>false</TextBundleRemoved>
<TextBundleChangeDate>20210918091656</TextBundleChangeDate>
<TextOCR><![CDATA[]]></TextOCR>
<TextFrom><![CDATA[een]]></TextFrom>
<TranslatedText_French><![CDATA[een]]></TranslatedText_French>
</TextBundle>
<TextBundle>
<TextBundleIdx>119</TextBundleIdx>
<TextBundleUID>5277563951047</TextBundleUID>
<TextConfidence>text</TextConfidence>
<TextBundleRemoved>false</TextBundleRemoved>
<TextBundleChangeDate>20210918091656</TextBundleChangeDate>
<TextOCR><![CDATA[]]></TextOCR>
<TextFrom><![CDATA[toxische]]></TextFrom>
<TranslatedText_French><![CDATA[toxische]]></TranslatedText_French>
</TextBundle>
<TextBundle>
<TextBundleIdx>120</TextBundleIdx>
<TextBundleUID>5277563951048</TextBundleUID>
<TextConfidence>text</TextConfidence>
<TextBundleRemoved>false</TextBundleRemoved>
<TextBundleChangeDate>20210918091656</TextBundleChangeDate>
<TextOCR><![CDATA[]]></TextOCR>
<TextFrom><![CDATA[interdependente]]></TextFrom>
<TranslatedText_French><![CDATA[interdependente]]></TranslatedText_French>
</TextBundle>
<TextBundle>
<TextBundleIdx>121</TextBundleIdx>
<TextBundleUID>5277563951049</TextBundleUID>
<TextConfidence>text</TextConfidence>
<TextBundleRemoved>false</TextBundleRemoved>
<TextBundleChangeDate>20210918091656</TextBundleChangeDate>
<TextOCR><![CDATA[]]></TextOCR>
<TextFrom><![CDATA[disfunctionaliteit]]></TextFrom>
<TranslatedText_French><![CDATA[disfunctionaliteit]]></TranslatedText_French>
</TextBundle>
<TextBundle>
<TextBundleIdx>122</TextBundleIdx>
<TextBundleUID>5277563951050</TextBundleUID>
<TextConfidence>text</TextConfidence>
<TextBundleRemoved>false</TextBundleRemoved>
<TextBundleChangeDate>20210918091656</TextBundleChangeDate>
<TextOCR><![CDATA[]]></TextOCR>
<TextFrom><![CDATA[Casper]]></TextFrom>
<TranslatedText_French><![CDATA[Casper]]></TranslatedText_French>
</TextBundle>
</PageText>
</ComicPageText>
