<?xml version="1.0" encoding="ISO-8859-1"?>
<!-- Application : cbrTekStraktor V0.4 (29-Dec-2020) -->
<!-- Created     : 18-SEP-2021 09:13:22 -->
<PageMetadata>
<FolderName>C:\temp\cbrTekStraktor</FolderName>
<FileName>casper.png</FileName>
<UID>8521-03B1-C520-660B-A2BE-2508-8A09-9C28</UID>
<CMXUID>casper</CMXUID>
<ISBN></ISBN>
<Series></Series>
<SeriesSequence>0</SeriesSequence>
<BookName></BookName>
<PageNumber>0</PageNumber>
<WriterName></WriterName>
<PencillerName></PencillerName>
<ColourerName></ColourerName>
<Language>FRENCH</Language>
<Comment></Comment>
<ColourSchema>colour</ColourSchema>
<ProximityTolerance>TIGHT</ProximityTolerance>
<BinarizeClassificationMethod>SLOW_SAUVOLA</BinarizeClassificationMethod>
<ClusterClassificationMethod>AUTOMATIC</ClusterClassificationMethod>
<TesseractCuration>USE_IMAGE_DPI</TesseractCuration>
<CropImage>CROP_IMAGE</CropImage>
</PageMetadata>
